epoch,train_loss,train_acc,val_loss,top1_acc,top5_acc,epoch_time_seconds,epoch_time_formatted,avg_gpu_percent,avg_cpu_percent,avg_gpu_memory_used_gb,avg_cpu_memory_percent,learning_rate,timestamp,framework
0,4.7348,0.85,4.6991,0.67,4.56,17.74,0m 17s,0.0,13.1,0.39,22.1,0.020000,2025-07-11 12:24:56,jittor
1,4.2208,7.63,3.9372,12.2,35.23,4.09,0m 4s,88.67,12.97,2.74,24.9,0.040000,2025-07-11 12:25:01,jittor
2,3.7935,14.89,3.7973,18.0,43.77,3.95,0m 3s,89.0,13.67,2.74,24.9,0.060000,2025-07-11 12:25:05,jittor
3,3.4285,22.92,3.4983,25.4,55.55,3.96,0m 3s,88.33,13.6,2.74,24.9,0.080000,2025-07-11 12:25:10,jittor
4,3.1099,30.56,2.9944,33.86,66.26,3.94,0m 3s,89.33,12.3,2.74,24.9,0.100000,2025-07-11 12:25:15,jittor
5,2.8828,36.01,3.1733,33.39,63.26,3.91,0m 3s,91.0,12.83,2.74,24.9,0.120000,2025-07-11 12:25:20,jittor
6,2.7197,40.8,3.0728,36.37,67.02,3.9,0m 3s,90.33,12.53,2.74,24.9,0.140000,2025-07-11 12:25:25,jittor
7,2.59,44.49,2.6696,43.27,75.93,3.92,0m 3s,90.67,14.73,2.74,24.9,0.160000,2025-07-11 12:25:29,jittor
8,2.5004,47.29,2.5605,47.08,77.0,3.93,0m 3s,90.33,13.13,2.74,24.9,0.180000,2025-07-11 12:25:34,jittor
9,2.4171,49.37,2.6723,42.8,74.04,3.93,0m 3s,90.67,12.57,2.74,24.9,0.200000,2025-07-11 12:25:39,jittor
10,2.3663,50.98,2.6836,43.09,74.23,3.91,0m 3s,89.33,11.8,2.74,24.9,0.220000,2025-07-11 12:25:44,jittor
11,2.3152,52.25,2.4374,49.05,79.51,3.91,0m 3s,90.67,12.03,2.74,24.9,0.240000,2025-07-11 12:25:49,jittor
12,2.2827,53.35,2.4778,48.71,78.31,3.92,0m 3s,89.67,11.2,2.74,24.9,0.260000,2025-07-11 12:25:53,jittor
13,2.244,54.06,2.3833,50.45,80.33,3.93,0m 3s,90.33,12.97,2.74,24.9,0.280000,2025-07-11 12:25:58,jittor
14,2.221,54.87,2.4401,50.61,79.4,3.94,0m 3s,84.67,11.57,2.74,24.9,0.300000,2025-07-11 12:26:03,jittor
15,2.2056,55.2,2.3044,53.06,81.64,3.94,0m 3s,90.0,12.97,2.74,24.9,0.320000,2025-07-11 12:26:07,jittor
16,2.1915,55.84,2.616,46.55,76.15,3.95,0m 3s,89.67,13.63,2.74,24.9,0.340000,2025-07-11 12:26:12,jittor
17,2.1735,56.26,2.4356,49.83,79.51,3.92,0m 3s,89.67,13.83,2.74,24.9,0.360000,2025-07-11 12:26:17,jittor
18,2.1603,56.6,2.3649,51.52,81.21,3.91,0m 3s,90.0,13.83,2.74,24.9,0.380000,2025-07-11 12:26:22,jittor
19,2.1686,56.36,2.4488,48.96,79.28,3.91,0m 3s,90.67,12.67,2.74,24.9,0.400000,2025-07-11 12:26:27,jittor
20,2.1604,56.69,2.4189,49.37,80.16,3.92,0m 3s,90.0,14.7,2.74,24.9,0.399981,2025-07-11 12:26:31,jittor
21,2.1388,57.06,2.4324,50.26,79.36,3.95,0m 3s,90.33,21.23,2.74,24.9,0.399925,2025-07-11 12:26:36,jittor
22,2.115,57.95,2.3436,51.57,81.24,3.9,0m 3s,90.67,13.7,2.74,24.9,0.399832,2025-07-11 12:26:40,jittor
23,2.1013,58.51,2.3547,51.77,80.32,3.95,0m 3s,90.0,13.3,2.74,24.9,0.399702,2025-07-11 12:26:45,jittor
24,2.0914,58.63,2.4303,49.57,79.27,3.91,0m 3s,85.33,12.57,2.74,24.9,0.399534,2025-07-11 12:26:50,jittor
25,2.0876,58.83,2.4507,48.91,78.93,3.92,0m 3s,89.67,11.77,2.74,24.9,0.399329,2025-07-11 12:26:54,jittor
26,2.0863,58.6,2.4835,49.0,78.49,3.93,0m 3s,89.67,16.8,2.74,24.97,0.399087,2025-07-11 12:26:59,jittor
27,2.0731,59.16,2.2558,53.91,83.29,3.92,0m 3s,90.67,16.27,2.74,25.0,0.398807,2025-07-11 12:27:04,jittor
28,2.0606,59.6,2.2973,53.86,82.11,3.92,0m 3s,89.67,13.93,2.74,25.0,0.398491,2025-07-11 12:27:09,jittor
29,2.0598,59.5,2.3813,50.93,80.4,3.89,0m 3s,90.0,13.0,2.74,25.0,0.398137,2025-07-11 12:27:13,jittor
30,2.0394,60.31,2.3262,53.09,81.41,3.89,0m 3s,90.33,13.07,2.74,24.9,0.397747,2025-07-11 12:27:18,jittor
31,2.0407,60.41,2.183,56.98,84.74,3.93,0m 3s,86.67,13.53,2.74,24.9,0.397319,2025-07-11 12:27:23,jittor
32,2.0289,60.57,2.2385,54.2,83.62,3.94,0m 3s,90.0,13.5,2.74,24.9,0.396855,2025-07-11 12:27:27,jittor
33,2.0208,60.76,2.2028,55.48,84.26,3.91,0m 3s,90.0,12.5,2.74,24.9,0.396354,2025-07-11 12:27:32,jittor
34,2.0161,60.87,2.3989,50.68,80.75,3.91,0m 3s,90.33,13.17,2.74,24.9,0.395817,2025-07-11 12:27:37,jittor
35,2.0133,61.13,2.6382,45.66,76.07,3.93,0m 3s,90.0,13.07,2.74,24.9,0.395243,2025-07-11 12:27:42,jittor
36,2.014,60.99,2.3718,51.04,80.79,3.92,0m 3s,90.0,11.07,2.74,24.9,0.394632,2025-07-11 12:27:46,jittor
37,1.9983,61.6,2.1702,56.55,84.31,3.9,0m 3s,90.67,11.57,2.74,24.9,0.393986,2025-07-11 12:27:51,jittor
38,1.9993,61.35,2.1972,56.46,84.29,3.9,0m 3s,90.67,12.2,2.74,24.9,0.393303,2025-07-11 12:27:55,jittor
39,1.9889,62.1,2.3182,54.14,81.09,3.9,0m 3s,89.67,13.47,2.74,24.9,0.392584,2025-07-11 12:28:00,jittor
40,1.991,61.73,2.1872,56.94,84.3,3.92,0m 3s,90.0,13.0,2.74,24.9,0.391829,2025-07-11 12:28:05,jittor
41,1.9854,61.92,2.3771,52.67,81.44,3.94,0m 3s,90.33,12.9,2.74,24.9,0.391038,2025-07-11 12:28:10,jittor
42,1.9758,62.36,2.1552,57.41,85.07,3.92,0m 3s,90.0,12.87,2.74,24.9,0.390212,2025-07-11 12:28:14,jittor
43,1.9723,62.41,2.2221,54.6,84.63,3.91,0m 3s,89.0,13.93,2.74,24.9,0.389350,2025-07-11 12:28:19,jittor
44,1.9706,62.45,2.1565,57.53,84.91,3.9,0m 3s,90.0,13.33,2.74,24.9,0.388452,2025-07-11 12:28:24,jittor
45,1.9679,62.68,2.0776,59.58,86.85,3.91,0m 3s,91.0,12.93,2.74,24.9,0.387520,2025-07-11 12:28:29,jittor
46,1.9625,62.57,2.3548,53.13,81.65,3.93,0m 3s,89.0,13.03,2.74,24.9,0.386553,2025-07-11 12:28:33,jittor
47,1.9623,62.52,2.3547,52.74,81.19,3.92,0m 3s,90.67,12.83,2.74,24.9,0.385551,2025-07-11 12:28:38,jittor
48,1.952,62.79,2.2505,55.29,83.26,3.93,0m 3s,89.67,12.93,2.74,24.9,0.384514,2025-07-11 12:28:42,jittor
49,1.9567,62.9,2.1707,57.17,84.89,3.91,0m 3s,91.0,11.03,2.74,24.9,0.383443,2025-07-11 12:28:47,jittor
50,1.9494,63.07,2.4079,52.12,80.34,3.93,0m 3s,89.67,11.27,2.74,24.9,0.382337,2025-07-11 12:28:52,jittor
51,1.953,62.89,2.4217,50.38,78.94,3.93,0m 3s,89.0,12.53,2.74,24.9,0.381198,2025-07-11 12:28:57,jittor
52,1.9415,63.32,2.1991,56.08,84.14,3.91,0m 3s,90.67,12.4,2.74,24.9,0.380025,2025-07-11 12:29:02,jittor
53,1.9392,63.24,2.4036,51.65,79.57,3.94,0m 3s,90.0,13.6,2.74,24.9,0.378818,2025-07-11 12:29:06,jittor
54,1.9346,63.33,2.3006,53.63,81.96,3.93,0m 3s,90.33,12.63,2.74,24.9,0.377578,2025-07-11 12:29:11,jittor
55,1.9227,63.9,2.3387,52.72,81.45,3.92,0m 3s,89.67,13.1,2.74,24.9,0.376304,2025-07-11 12:29:16,jittor
56,1.9165,64.06,2.1844,56.57,84.43,3.93,0m 3s,89.33,13.57,2.74,24.63,0.374998,2025-07-11 12:29:20,jittor
57,1.9169,64.23,2.6654,45.68,75.64,3.93,0m 3s,89.67,15.0,2.74,24.4,0.373659,2025-07-11 12:29:25,jittor
58,1.9199,64.08,2.197,56.93,84.38,3.94,0m 3s,90.67,13.53,2.74,24.4,0.372288,2025-07-11 12:29:30,jittor
59,1.9155,63.89,2.1774,56.78,83.81,3.92,0m 3s,90.0,13.43,2.74,24.4,0.370885,2025-07-11 12:29:34,jittor
60,1.9102,64.08,2.1714,57.52,84.98,3.93,0m 3s,85.33,14.27,2.74,24.4,0.369449,2025-07-11 12:29:39,jittor
61,1.9095,64.23,2.1253,58.23,85.46,3.94,0m 3s,91.0,12.43,2.74,24.4,0.367982,2025-07-11 12:29:44,jittor
62,1.9089,64.21,2.1467,58.08,84.86,3.9,0m 3s,91.0,11.2,2.74,24.4,0.366484,2025-07-11 12:29:48,jittor
63,1.8997,64.29,2.2829,53.98,82.93,3.91,0m 3s,91.0,11.17,2.74,24.4,0.364955,2025-07-11 12:29:53,jittor
64,1.8894,64.86,2.1458,57.21,85.22,3.9,0m 3s,90.33,13.87,2.74,24.4,0.363395,2025-07-11 12:29:58,jittor
65,1.8945,64.62,2.1109,58.58,85.87,3.92,0m 3s,90.33,14.13,2.74,24.4,0.361804,2025-07-11 12:30:02,jittor
66,1.8905,64.93,2.1153,58.45,85.47,3.92,0m 3s,90.33,13.13,2.74,24.4,0.360184,2025-07-11 12:30:07,jittor
67,1.8798,65.15,2.1979,57.41,84.19,3.91,0m 3s,90.67,12.6,2.74,24.4,0.358533,2025-07-11 12:30:11,jittor
68,1.8858,65.03,2.2299,56.02,83.01,3.92,0m 3s,86.33,14.73,2.74,24.4,0.356853,2025-07-11 12:30:16,jittor
69,1.8767,65.08,2.1989,56.6,83.71,3.92,0m 3s,90.33,15.1,2.74,24.4,0.355143,2025-07-11 12:30:21,jittor
70,1.8797,65.16,2.2843,54.28,82.42,3.93,0m 3s,90.33,13.5,2.74,24.4,0.353405,2025-07-11 12:30:26,jittor
71,1.8709,65.31,2.0872,58.88,86.35,3.94,0m 3s,88.0,13.53,2.74,24.4,0.351638,2025-07-11 12:30:31,jittor
72,1.8729,65.41,2.0597,59.96,86.91,3.91,0m 3s,90.67,12.57,2.74,24.4,0.349843,2025-07-11 12:30:35,jittor
73,1.8736,65.24,2.1088,59.16,85.79,3.91,0m 3s,89.33,13.23,2.74,24.4,0.348019,2025-07-11 12:30:40,jittor
74,1.8621,65.51,2.1027,59.49,86.21,3.89,0m 3s,89.0,12.2,2.74,24.4,0.346169,2025-07-11 12:30:45,jittor
75,1.8654,65.59,2.0815,59.6,86.09,3.9,0m 3s,91.0,11.2,2.74,24.4,0.344290,2025-07-11 12:30:49,jittor
76,1.8587,65.71,2.0864,59.27,86.08,3.92,0m 3s,90.33,12.07,2.74,24.4,0.342385,2025-07-11 12:30:54,jittor
77,1.8541,65.96,2.1803,57.27,84.82,3.9,0m 3s,90.67,13.03,2.74,24.4,0.340454,2025-07-11 12:30:59,jittor
78,1.8486,66.01,2.0944,59.5,86.24,3.93,0m 3s,90.33,13.63,2.74,24.4,0.338496,2025-07-11 12:31:04,jittor
79,1.8444,66.17,2.1246,58.75,85.54,3.92,0m 3s,90.0,13.43,2.74,24.4,0.336512,2025-07-11 12:31:08,jittor
80,1.8428,66.06,2.1243,58.71,85.98,3.9,0m 3s,91.0,13.67,2.74,24.4,0.334503,2025-07-11 12:31:13,jittor
81,1.8414,66.48,2.1864,56.86,84.8,3.91,0m 3s,84.67,13.83,2.74,24.4,0.332469,2025-07-11 12:31:18,jittor
82,1.8363,66.51,2.1117,58.94,85.27,3.91,0m 3s,89.67,13.5,2.74,24.4,0.330410,2025-07-11 12:31:23,jittor
83,1.8333,66.33,2.0596,60.31,86.64,3.92,0m 3s,90.33,13.13,2.74,24.4,0.328327,2025-07-11 12:31:27,jittor
84,1.8279,66.59,2.0513,61.07,87.05,3.92,0m 3s,89.0,13.1,2.74,24.4,0.326219,2025-07-11 12:31:32,jittor
85,1.8169,67.03,2.0389,60.71,86.96,3.92,0m 3s,90.0,12.2,2.74,24.4,0.324089,2025-07-11 12:31:37,jittor
86,1.8113,67.25,2.1055,59.45,86.51,3.92,0m 3s,90.33,13.0,2.74,24.4,0.321935,2025-07-11 12:31:41,jittor
87,1.822,67.04,2.1938,57.28,84.1,3.91,0m 3s,90.0,10.27,2.74,24.4,0.319758,2025-07-11 12:31:46,jittor
88,1.8139,67.06,2.0863,59.95,86.37,3.89,0m 3s,90.33,11.23,2.74,24.4,0.317559,2025-07-11 12:31:51,jittor
89,1.808,67.38,2.0763,59.57,86.21,3.91,0m 3s,90.67,12.07,2.74,24.4,0.315338,2025-07-11 12:31:55,jittor
90,1.8054,67.54,2.0428,60.73,87.13,3.91,0m 3s,89.33,12.53,2.74,24.4,0.313096,2025-07-11 12:32:00,jittor
91,1.8003,67.68,2.0792,59.91,86.62,3.92,0m 3s,86.0,13.57,2.74,24.4,0.310832,2025-07-11 12:32:05,jittor
92,1.801,67.52,2.0559,60.93,86.64,3.9,0m 3s,91.0,12.93,2.74,24.4,0.308548,2025-07-11 12:32:09,jittor
93,1.7856,68.21,2.1036,59.62,85.65,3.9,0m 3s,91.0,14.63,2.74,24.4,0.306243,2025-07-11 12:32:14,jittor
94,1.7931,67.87,2.1077,60.04,86.27,3.89,0m 3s,91.0,13.83,2.74,24.4,0.303919,2025-07-11 12:32:19,jittor
95,1.7905,67.88,2.0279,61.26,87.6,3.89,0m 3s,91.0,13.83,2.74,24.4,0.301576,2025-07-11 12:32:23,jittor
96,1.7747,67.98,2.0906,59.43,86.72,3.9,0m 3s,91.0,13.6,2.74,24.4,0.299213,2025-07-11 12:32:28,jittor
97,1.7733,68.69,2.0423,60.56,87.48,3.91,0m 3s,91.0,12.7,2.74,24.4,0.296832,2025-07-11 12:32:33,jittor
98,1.7736,68.34,2.1193,59.46,85.3,3.92,0m 3s,88.67,13.93,2.74,24.4,0.294433,2025-07-11 12:32:38,jittor
99,1.7694,68.28,2.1144,59.82,85.74,3.89,0m 3s,91.0,12.33,2.74,24.4,0.292016,2025-07-11 12:32:42,jittor
100,1.7589,68.99,2.1358,58.44,85.3,3.89,0m 3s,90.0,11.27,2.74,24.4,0.289582,2025-07-11 12:32:47,jittor
101,1.7551,69.04,2.0188,61.94,87.74,3.92,0m 3s,90.33,11.17,2.74,24.4,0.287131,2025-07-11 12:32:51,jittor
102,1.7555,68.68,2.0724,60.67,86.61,3.92,0m 3s,89.33,12.43,2.74,24.4,0.284664,2025-07-11 12:32:56,jittor
103,1.7482,69.44,2.0314,61.08,87.01,3.9,0m 3s,89.67,14.33,2.74,24.4,0.282181,2025-07-11 12:33:01,jittor
104,1.7442,69.48,2.0636,60.6,86.34,3.9,0m 3s,90.0,12.43,2.74,24.4,0.279683,2025-07-11 12:33:06,jittor
105,1.752,68.98,2.1174,58.92,85.59,3.91,0m 3s,90.0,12.8,2.74,24.4,0.277170,2025-07-11 12:33:10,jittor
106,1.7317,69.6,2.2467,55.86,82.88,3.9,0m 3s,91.0,13.1,2.74,24.4,0.274643,2025-07-11 12:33:15,jittor
107,1.7238,69.86,2.0148,62.32,87.21,3.9,0m 3s,90.67,12.83,2.74,24.4,0.272102,2025-07-11 12:33:20,jittor
108,1.7231,69.97,2.1975,57.46,84.11,3.93,0m 3s,90.0,16.4,2.74,24.4,0.269547,2025-07-11 12:33:25,jittor
109,1.7278,69.82,2.0257,62.18,87.06,3.91,0m 3s,89.67,15.8,2.74,24.4,0.266979,2025-07-11 12:33:29,jittor
110,1.7239,69.86,2.1455,58.28,84.8,3.9,0m 3s,90.33,14.33,2.74,24.4,0.264399,2025-07-11 12:33:34,jittor
111,1.7169,69.99,2.1706,58.13,84.78,3.93,0m 3s,90.33,14.9,2.74,24.4,0.261807,2025-07-11 12:33:38,jittor
112,1.7061,70.55,1.9632,63.09,87.97,3.91,0m 3s,90.0,12.6,2.74,24.4,0.259203,2025-07-11 12:33:43,jittor
113,1.7057,70.52,1.9806,63.87,88.12,3.96,0m 3s,89.33,18.53,2.74,24.5,0.256588,2025-07-11 12:33:48,jittor
114,1.7002,70.59,1.9682,63.38,88.78,3.92,0m 3s,91.0,12.87,2.74,24.5,0.253963,2025-07-11 12:33:52,jittor
115,1.6899,71.05,2.0463,60.97,87.1,3.91,0m 3s,89.67,13.93,2.74,24.5,0.251328,2025-07-11 12:33:57,jittor
116,1.6873,71.0,1.9715,63.7,88.07,3.92,0m 3s,90.67,14.1,2.74,24.43,0.248683,2025-07-11 12:34:02,jittor
117,1.6823,71.43,1.9632,63.66,88.57,3.9,0m 3s,90.0,14.47,2.74,24.4,0.246029,2025-07-11 12:34:06,jittor
118,1.6865,70.96,2.0149,62.37,87.24,3.89,0m 3s,90.67,12.23,2.74,24.4,0.243366,2025-07-11 12:34:11,jittor
119,1.6762,71.36,2.0077,62.44,87.87,3.9,0m 3s,89.0,12.4,2.74,24.4,0.240695,2025-07-11 12:34:16,jittor
120,1.6656,71.7,2.0653,61.57,86.59,3.91,0m 3s,89.33,13.83,2.74,24.4,0.238017,2025-07-11 12:34:20,jittor
121,1.6577,72.26,2.1798,57.94,85.18,3.91,0m 3s,90.0,13.37,2.74,24.4,0.235331,2025-07-11 12:34:25,jittor
122,1.6666,71.9,2.0286,61.98,87.64,3.89,0m 3s,89.67,12.4,2.74,24.4,0.232639,2025-07-11 12:34:30,jittor
123,1.6544,72.14,2.1107,59.83,85.6,3.9,0m 3s,91.0,13.57,2.74,24.4,0.229941,2025-07-11 12:34:35,jittor
124,1.6447,72.4,2.0511,61.22,86.75,3.9,0m 3s,91.0,13.63,2.74,24.4,0.227238,2025-07-11 12:34:39,jittor
125,1.644,72.29,2.0699,60.72,86.4,3.89,0m 3s,91.0,11.13,2.74,24.4,0.224529,2025-07-11 12:34:44,jittor
126,1.6367,72.66,1.9667,64.16,88.41,3.89,0m 3s,90.33,11.53,2.74,24.4,0.221816,2025-07-11 12:34:49,jittor
127,1.6275,73.02,1.9218,64.16,88.99,3.94,0m 3s,89.33,11.73,2.74,24.4,0.219098,2025-07-11 12:34:53,jittor
128,1.6337,72.53,1.9524,63.86,88.59,3.92,0m 3s,89.0,13.97,2.74,24.4,0.216377,2025-07-11 12:34:58,jittor
129,1.6237,73.15,2.0396,61.08,86.71,3.9,0m 3s,90.0,12.73,2.74,24.4,0.213653,2025-07-11 12:35:03,jittor
130,1.6149,73.26,2.0216,62.22,87.28,3.92,0m 3s,90.0,13.93,2.74,24.4,0.210927,2025-07-11 12:35:08,jittor
131,1.6128,73.52,2.0282,61.39,86.85,3.91,0m 3s,90.0,13.3,2.74,24.4,0.208198,2025-07-11 12:35:13,jittor
132,1.6081,73.65,1.9438,64.52,88.51,3.92,0m 3s,90.33,14.33,2.74,24.4,0.205468,2025-07-11 12:35:17,jittor
133,1.6037,73.74,1.8954,65.92,89.71,3.92,0m 3s,89.0,12.63,2.74,24.4,0.202737,2025-07-11 12:35:22,jittor
134,1.593,74.25,1.9653,63.63,87.63,3.93,0m 3s,90.33,13.37,2.74,24.4,0.200005,2025-07-11 12:35:27,jittor
135,1.5857,74.39,1.9956,62.68,87.85,3.93,0m 3s,90.0,15.33,2.74,24.4,0.197273,2025-07-11 12:35:31,jittor
136,1.5901,74.2,1.947,64.33,88.82,3.92,0m 3s,90.33,13.57,2.74,24.4,0.194542,2025-07-11 12:35:36,jittor
137,1.5808,74.44,1.9226,65.49,89.02,3.93,0m 3s,90.33,11.83,2.74,24.4,0.191812,2025-07-11 12:35:41,jittor
138,1.5744,74.6,1.9504,64.45,88.37,3.9,0m 3s,90.67,11.27,2.74,24.4,0.189083,2025-07-11 12:35:45,jittor
139,1.568,75.07,1.899,65.45,89.83,3.91,0m 3s,89.33,11.13,2.74,24.4,0.186357,2025-07-11 12:35:50,jittor
140,1.5554,75.49,1.9593,64.08,88.39,3.92,0m 3s,89.67,11.7,2.74,24.4,0.183633,2025-07-11 12:35:54,jittor
141,1.5496,75.7,2.0303,62.65,86.87,3.92,0m 3s,90.67,13.1,2.74,24.4,0.180912,2025-07-11 12:35:59,jittor
142,1.555,75.25,1.9761,63.66,88.32,3.92,0m 3s,90.67,14.07,2.74,24.4,0.178194,2025-07-11 12:36:04,jittor
143,1.5384,75.96,1.9924,63.41,87.65,3.92,0m 3s,90.67,14.57,2.74,24.4,0.175481,2025-07-11 12:36:08,jittor
144,1.5332,76.18,1.9386,64.9,88.27,3.91,0m 3s,90.0,13.13,2.74,24.4,0.172772,2025-07-11 12:36:13,jittor
145,1.5274,76.18,1.9899,63.31,87.89,3.92,0m 3s,90.67,13.97,2.74,24.4,0.170069,2025-07-11 12:36:18,jittor
146,1.5237,76.51,1.997,63.27,87.54,3.91,0m 3s,90.0,13.53,2.74,24.4,0.167371,2025-07-11 12:36:23,jittor
147,1.5178,76.55,1.9067,65.93,89.1,3.9,0m 3s,90.0,13.0,2.74,24.4,0.164679,2025-07-11 12:36:27,jittor
148,1.5081,76.91,1.9253,65.02,88.64,3.91,0m 3s,90.33,14.03,2.74,24.4,0.161993,2025-07-11 12:36:32,jittor
149,1.5117,76.86,2.0032,63.44,87.76,3.9,0m 3s,91.0,14.53,2.74,24.4,0.159315,2025-07-11 12:36:37,jittor
150,1.4953,77.57,1.9479,64.84,88.28,3.94,0m 3s,88.67,11.57,2.74,24.4,0.156644,2025-07-11 12:36:42,jittor
151,1.4929,77.37,1.9069,65.75,88.8,3.91,0m 3s,91.0,11.7,2.74,24.4,0.153981,2025-07-11 12:36:46,jittor
152,1.4767,77.93,1.911,65.79,88.97,3.89,0m 3s,90.67,11.3,2.74,24.4,0.151327,2025-07-11 12:36:51,jittor
153,1.4685,78.23,1.868,66.64,89.86,3.93,0m 3s,89.67,15.77,2.74,24.4,0.148682,2025-07-11 12:36:56,jittor
154,1.4662,78.28,1.9176,65.94,89.07,3.91,0m 3s,89.67,14.5,2.74,24.4,0.146047,2025-07-11 12:37:01,jittor
155,1.4614,78.55,1.8977,65.72,89.45,3.92,0m 3s,90.0,13.1,2.74,24.4,0.143422,2025-07-11 12:37:05,jittor
156,1.4477,79.03,1.8964,66.3,89.73,3.91,0m 3s,89.67,11.87,2.74,24.4,0.140807,2025-07-11 12:37:10,jittor
157,1.4447,79.26,1.9531,65.29,88.49,3.93,0m 3s,90.33,5.9,2.74,24.27,0.138203,2025-07-11 12:37:15,jittor
158,1.4323,79.57,1.9663,64.31,88.19,3.89,0m 3s,90.67,6.03,2.74,24.2,0.135611,2025-07-11 12:37:19,jittor
159,1.4275,79.65,1.8775,67.04,89.65,3.89,0m 3s,91.0,6.83,2.74,24.2,0.133031,2025-07-11 12:37:24,jittor
160,1.4145,80.14,1.885,67.26,89.48,3.91,0m 3s,90.33,5.67,2.74,24.2,0.130463,2025-07-11 12:37:29,jittor
161,1.4124,80.18,1.8756,66.76,89.56,3.93,0m 3s,90.33,5.7,2.74,24.2,0.127908,2025-07-11 12:37:34,jittor
162,1.4064,80.6,1.8351,67.93,90.12,3.9,0m 3s,89.67,6.67,2.74,24.2,0.125367,2025-07-11 12:37:38,jittor
163,1.405,80.57,1.9067,66.45,89.38,3.89,0m 3s,90.67,4.17,2.74,24.2,0.122840,2025-07-11 12:37:43,jittor
164,1.3791,81.41,1.8463,68.32,90.17,3.9,0m 3s,90.67,4.23,2.74,24.2,0.120327,2025-07-11 12:37:48,jittor
165,1.3825,81.29,1.8297,68.8,90.36,3.9,0m 3s,90.0,5.87,2.74,24.2,0.117829,2025-07-11 12:37:53,jittor
166,1.382,81.37,1.8788,66.88,90.05,3.91,0m 3s,91.0,5.63,2.74,24.2,0.115346,2025-07-11 12:37:58,jittor
167,1.3633,82.01,1.8495,68.25,89.98,3.9,0m 3s,90.67,8.3,2.74,24.2,0.112879,2025-07-11 12:38:02,jittor
168,1.3562,82.37,1.9696,65.36,87.65,3.93,0m 3s,90.67,11.43,2.74,24.2,0.110428,2025-07-11 12:38:07,jittor
169,1.3554,82.47,1.837,68.13,90.0,3.89,0m 3s,91.0,6.23,2.74,24.2,0.107994,2025-07-11 12:38:12,jittor
170,1.3458,82.62,1.8583,68.16,89.72,3.91,0m 3s,91.0,5.7,2.74,24.2,0.105577,2025-07-11 12:38:17,jittor
171,1.342,82.97,1.9001,66.79,89.06,3.92,0m 3s,89.67,6.4,2.74,24.2,0.103178,2025-07-11 12:38:21,jittor
172,1.3311,83.4,1.8324,69.02,90.56,3.93,0m 3s,90.33,6.9,2.74,24.2,0.100797,2025-07-11 12:38:26,jittor
173,1.3301,83.31,1.9649,64.87,88.06,3.94,0m 3s,90.67,10.93,2.74,24.3,0.098434,2025-07-11 12:38:31,jittor
174,1.3157,83.75,1.8108,69.1,90.45,3.92,0m 3s,90.33,9.0,2.74,24.3,0.096091,2025-07-11 12:38:36,jittor
175,1.3087,84.03,1.8782,67.15,89.77,3.93,0m 3s,90.33,6.1,2.74,24.3,0.093767,2025-07-11 12:38:41,jittor
176,1.2946,84.49,1.7986,69.7,90.75,3.9,0m 3s,90.67,4.87,2.74,24.27,0.091462,2025-07-11 12:38:45,jittor
177,1.2911,84.61,1.8199,69.66,90.42,3.92,0m 3s,91.0,4.9,2.74,24.2,0.089178,2025-07-11 12:38:50,jittor
178,1.2866,84.72,1.8094,69.36,90.36,3.89,0m 3s,90.33,6.1,2.74,24.2,0.086914,2025-07-11 12:38:55,jittor
179,1.2775,85.1,1.8586,68.37,89.95,3.92,0m 3s,89.67,6.03,2.74,24.2,0.084672,2025-07-11 12:38:59,jittor
180,1.27,85.4,1.8039,69.77,90.72,3.9,0m 3s,91.0,6.47,2.74,24.2,0.082451,2025-07-11 12:39:04,jittor
181,1.2619,85.75,1.8169,69.66,89.8,3.92,0m 3s,90.0,7.23,2.74,24.2,0.080252,2025-07-11 12:39:09,jittor
182,1.2453,86.28,1.8395,68.74,90.13,3.91,0m 3s,90.67,6.13,2.74,24.2,0.078075,2025-07-11 12:39:14,jittor
183,1.2418,86.47,1.8106,69.41,90.58,3.92,0m 3s,89.33,9.57,2.74,24.2,0.075921,2025-07-11 12:39:18,jittor
184,1.2253,86.98,1.7771,70.24,91.22,3.89,0m 3s,91.0,7.6,2.74,24.2,0.073791,2025-07-11 12:39:23,jittor
185,1.2221,87.17,1.8162,69.54,90.14,3.9,0m 3s,90.33,5.33,2.74,24.2,0.071683,2025-07-11 12:39:28,jittor
186,1.2155,87.4,1.8605,68.58,89.59,3.92,0m 3s,90.33,6.67,2.74,24.2,0.069600,2025-07-11 12:39:33,jittor
187,1.21,87.68,1.7633,71.33,91.08,3.9,0m 3s,90.33,6.7,2.74,24.2,0.067541,2025-07-11 12:39:37,jittor
188,1.1927,88.3,1.8265,69.34,90.34,3.92,0m 3s,83.0,9.13,2.74,24.3,0.065507,2025-07-11 12:39:42,jittor
189,1.186,88.45,1.8251,70.1,90.22,3.88,0m 3s,90.0,7.57,2.74,24.3,0.063498,2025-07-11 12:39:46,jittor
190,1.1801,88.74,1.7777,70.4,90.85,3.91,0m 3s,90.33,6.37,2.74,24.3,0.061514,2025-07-11 12:39:51,jittor
191,1.1746,89.08,1.8011,70.04,90.37,3.91,0m 3s,90.0,5.73,2.74,24.23,0.059556,2025-07-11 12:39:56,jittor
192,1.1637,89.41,1.8126,69.83,90.09,3.91,0m 3s,90.67,6.6,2.74,24.2,0.057625,2025-07-11 12:40:00,jittor
193,1.155,89.61,1.7795,70.74,90.57,3.9,0m 3s,90.33,6.7,2.74,24.2,0.055720,2025-07-11 12:40:05,jittor
194,1.1424,90.18,1.767,70.79,91.21,3.91,0m 3s,90.67,6.27,2.74,24.13,0.053841,2025-07-11 12:40:10,jittor
195,1.1372,90.41,1.77,70.89,90.93,3.87,0m 3s,90.33,6.23,2.74,24.2,0.051991,2025-07-11 12:40:15,jittor
196,1.1302,90.5,1.7511,71.61,91.26,3.89,0m 3s,91.0,6.57,2.74,24.2,0.050167,2025-07-11 12:40:19,jittor
197,1.1261,90.85,1.7567,71.3,91.05,3.9,0m 3s,89.67,7.57,2.74,24.2,0.048372,2025-07-11 12:40:24,jittor
198,1.1186,91.22,1.7739,71.01,90.58,3.89,0m 3s,90.33,6.07,2.74,24.2,0.046605,2025-07-11 12:40:29,jittor
199,1.1107,91.31,1.7517,71.51,90.92,3.9,0m 3s,90.67,6.2,2.74,24.2,0.044867,2025-07-11 12:40:33,jittor
200,1.0975,91.74,1.7591,71.44,90.89,3.88,0m 3s,90.67,4.97,2.74,24.2,0.043157,2025-07-11 12:40:38,jittor
201,1.0863,92.29,1.773,71.26,90.61,3.93,0m 3s,91.0,4.47,2.74,24.2,0.041477,2025-07-11 12:40:43,jittor
202,1.0773,92.55,1.7486,72.04,90.96,3.89,0m 3s,90.33,4.27,2.74,24.2,0.039826,2025-07-11 12:40:48,jittor
203,1.0663,93.08,1.7556,71.62,91.15,3.91,0m 3s,91.0,5.83,2.74,24.2,0.038206,2025-07-11 12:40:52,jittor
204,1.0623,93.1,1.7372,72.46,91.39,3.9,0m 3s,91.0,6.07,2.74,24.2,0.036615,2025-07-11 12:40:57,jittor
205,1.0526,93.48,1.7518,71.36,90.7,3.91,0m 3s,90.67,5.83,2.74,24.2,0.035055,2025-07-11 12:41:02,jittor
206,1.0473,93.73,1.7168,73.05,90.98,3.9,0m 3s,91.0,5.43,2.74,24.2,0.033526,2025-07-11 12:41:07,jittor
207,1.0385,93.98,1.7266,72.55,91.08,3.92,0m 3s,91.0,5.77,2.74,24.2,0.032028,2025-07-11 12:41:12,jittor
208,1.0261,94.47,1.7085,72.82,91.53,3.91,0m 3s,90.33,4.8,2.74,24.2,0.030561,2025-07-11 12:41:16,jittor
209,1.0284,94.29,1.7248,72.45,91.39,3.91,0m 3s,90.67,6.17,2.74,24.2,0.029125,2025-07-11 12:41:21,jittor
210,1.0171,94.74,1.7135,72.66,91.54,3.9,0m 3s,90.67,6.97,2.74,24.2,0.027722,2025-07-11 12:41:26,jittor
211,1.0088,95.15,1.7062,73.3,91.45,3.91,0m 3s,89.67,6.43,2.74,24.2,0.026351,2025-07-11 12:41:31,jittor
212,1.0049,95.16,1.6997,73.07,91.68,3.95,0m 3s,90.33,5.87,2.74,24.2,0.025012,2025-07-11 12:41:35,jittor
213,0.999,95.43,1.7105,73.53,91.24,3.9,0m 3s,90.67,4.2,2.74,24.2,0.023706,2025-07-11 12:41:40,jittor
214,0.9893,95.78,1.7099,73.21,91.08,3.91,0m 3s,90.0,4.43,2.74,24.2,0.022432,2025-07-11 12:41:45,jittor
215,0.9826,96.0,1.6801,73.59,91.84,3.92,0m 3s,90.0,4.9,2.74,24.2,0.021192,2025-07-11 12:41:50,jittor
216,0.9753,96.26,1.705,73.79,91.7,3.91,0m 3s,86.0,6.5,2.74,24.2,0.019985,2025-07-11 12:41:55,jittor
217,0.9727,96.2,1.6753,74.28,91.7,3.92,0m 3s,91.0,6.5,2.74,24.2,0.018812,2025-07-11 12:41:59,jittor
218,0.9683,96.41,1.6784,73.26,91.9,3.91,0m 3s,90.33,10.73,2.74,24.2,0.017673,2025-07-11 12:42:04,jittor
219,0.9637,96.53,1.691,73.65,91.22,3.91,0m 3s,90.67,10.43,2.74,24.2,0.016567,2025-07-11 12:42:09,jittor
220,0.9589,96.66,1.6788,73.93,91.53,3.91,0m 3s,90.33,6.1,2.74,24.2,0.015496,2025-07-11 12:42:13,jittor
221,0.9543,96.8,1.6621,74.54,91.89,3.91,0m 3s,90.0,6.6,2.74,24.2,0.014459,2025-07-11 12:42:18,jittor
222,0.9503,96.98,1.6812,74.09,91.75,3.92,0m 3s,90.0,7.5,2.74,24.2,0.013457,2025-07-11 12:42:23,jittor
223,0.9419,97.29,1.6651,74.49,91.79,3.94,0m 3s,89.33,14.43,2.74,24.3,0.012490,2025-07-11 12:42:28,jittor
224,0.9376,97.38,1.6705,74.61,91.91,3.92,0m 3s,90.0,8.23,2.74,24.3,0.011558,2025-07-11 12:42:32,jittor
225,0.9317,97.53,1.6675,74.9,91.63,3.91,0m 3s,90.33,5.9,2.74,24.3,0.010660,2025-07-11 12:42:37,jittor
226,0.9334,97.53,1.6578,74.63,91.99,3.91,0m 3s,89.33,5.2,2.74,24.23,0.009798,2025-07-11 12:42:42,jittor
227,0.9288,97.61,1.6461,75.02,92.05,3.9,0m 3s,91.0,5.1,2.74,24.2,0.008972,2025-07-11 12:42:47,jittor
228,0.9239,97.86,1.6543,75.04,91.84,3.92,0m 3s,90.67,8.27,2.74,24.2,0.008181,2025-07-11 12:42:51,jittor
229,0.9225,97.8,1.6461,75.34,92.1,3.9,0m 3s,91.0,6.2,2.74,24.2,0.007426,2025-07-11 12:42:56,jittor
230,0.9169,97.95,1.6491,75.11,92.05,3.93,0m 3s,90.33,6.0,2.74,24.2,0.006707,2025-07-11 12:43:01,jittor
231,0.9148,98.03,1.6362,75.15,92.22,3.9,0m 3s,90.33,6.33,2.74,24.2,0.006024,2025-07-11 12:43:06,jittor
232,0.9118,98.1,1.6487,75.63,91.87,3.92,0m 3s,89.67,8.5,2.74,24.2,0.005378,2025-07-11 12:43:10,jittor
233,0.9113,98.12,1.6446,75.5,91.87,3.92,0m 3s,87.0,10.03,2.74,24.2,0.004767,2025-07-11 12:43:15,jittor
234,0.9075,98.21,1.6349,75.49,92.45,3.9,0m 3s,90.67,6.93,2.74,24.2,0.004193,2025-07-11 12:43:20,jittor
235,0.9066,98.25,1.6422,75.69,92.22,3.9,0m 3s,90.0,6.57,2.74,24.2,0.003656,2025-07-11 12:43:25,jittor
236,0.9058,98.2,1.6369,75.89,92.13,3.91,0m 3s,89.33,7.33,2.74,24.2,0.003155,2025-07-11 12:43:29,jittor
237,0.9034,98.34,1.6361,75.83,92.18,3.93,0m 3s,88.67,13.07,2.74,24.3,0.002691,2025-07-11 12:43:34,jittor
238,0.9015,98.49,1.6363,75.76,92.25,3.89,0m 3s,90.33,6.43,2.74,24.3,0.002263,2025-07-11 12:43:39,jittor
239,0.9005,98.4,1.6369,75.62,92.06,3.9,0m 3s,90.67,5.77,2.74,24.3,0.001873,2025-07-11 12:43:44,jittor
240,0.9003,98.37,1.6364,75.91,92.17,3.9,0m 3s,91.0,5.8,2.74,24.27,0.001519,2025-07-11 12:43:48,jittor
241,0.8985,98.47,1.6406,75.6,91.98,3.9,0m 3s,91.0,5.77,2.74,24.3,0.001203,2025-07-11 12:43:53,jittor
242,0.9002,98.37,1.6346,75.6,92.27,3.88,0m 3s,91.0,6.2,2.74,24.3,0.000923,2025-07-11 12:43:58,jittor
243,0.8951,98.61,1.6263,75.88,92.44,3.89,0m 3s,90.0,6.03,2.74,24.3,0.000681,2025-07-11 12:44:03,jittor
244,0.8954,98.64,1.6453,75.54,91.93,3.89,0m 3s,91.0,7.03,2.74,24.3,0.000476,2025-07-11 12:44:07,jittor
245,0.896,98.52,1.6239,75.88,92.53,3.91,0m 3s,90.0,6.37,2.74,24.3,0.000308,2025-07-11 12:44:12,jittor
246,0.8985,98.52,1.64,75.75,92.14,3.88,0m 3s,91.0,7.23,2.74,24.3,0.000178,2025-07-11 12:44:17,jittor
247,0.8985,98.45,1.6403,75.8,92.1,3.91,0m 3s,90.0,7.0,2.74,24.3,0.000085,2025-07-11 12:44:21,jittor
248,0.8948,98.57,1.6301,75.8,92.38,3.91,0m 3s,89.67,6.43,2.74,24.3,0.000029,2025-07-11 12:44:26,jittor
249,0.895,98.55,1.6326,75.73,92.23,3.9,0m 3s,90.67,6.37,2.74,24.3,0.000010,2025-07-11 12:44:31,jittor
